{
  "id": "BTA-Babric-7.3_01",
  "family": "unknown",
  "time": "2025-01-29T11:30:58.063Z",
  "releaseTime": "2011-07-07T22:00:00Z",
  "type": "modified",
  "mainClass": "net.fabricmc.loader.impl.launch.knot.KnotClient",
  "minimumLauncherVersion": 7,
  "tlauncherVersion": 7,
  "libraries": [
    {
      "name": "fabric-loader:fabric-loader:0.15.6-bta.7",
      "downloads": {
        "artifact": {
          "url": "https://github.com/Turnip-Labs/fabric-loader/releases/download/0.15.6-bta.7/fabric-loader-0.15.6-bta.7.jar",
          "size": 1239709
        }
      }
    },
    {
      "name": "org.ow2.asm:asm:9.6",
      "url": "https://maven.fabricmc.net/"
    },
    {
      "name": "org.ow2.asm:asm-analysis:9.6",
      "url": "https://maven.fabricmc.net/"
    },
    {
      "name": "org.ow2.asm:asm-commons:9.6",
      "url": "https://maven.fabricmc.net/"
    },
    {
      "name": "org.ow2.asm:asm-tree:9.6",
      "url": "https://maven.fabricmc.net/"
    },
    {
      "name": "org.ow2.asm:asm-util:9.6",
      "url": "https://maven.fabricmc.net/"
    },
    {
      "name": "net.fabricmc:sponge-mixin:0.13.3+mixin.0.8.5",
      "url": "https://maven.fabricmc.net/"
    },
    {
      "name": "org.apache.logging.log4j:log4j-api:2.19.0",
      "downloads": {
        "artifact": {
          "url": "https://libraries.minecraft.net/org/apache/logging/log4j/log4j-api/2.19.0/log4j-api-2.19.0.jar",
          "sha1": "ea1b37f38c327596b216542bc636cfdc0b8036fa",
          "size": 317566
        }
      }
    },
    {
      "name": "org.apache.logging.log4j:log4j-core:2.19.0",
      "downloads": {
        "artifact": {
          "url": "https://libraries.minecraft.net/org/apache/logging/log4j/log4j-core/2.19.0/log4j-core-2.19.0.jar",
          "sha1": "3b6eeb4de4c49c0fe38a4ee27188ff5fee44d0bb",
          "size": 1864386
        }
      }
    },
    {
      "name": "org.apache.logging.log4j:log4j-slf4j2-impl:2.19.0",
      "downloads": {
        "artifact": {
          "url": "https://libraries.minecraft.net/org/apache/logging/log4j/log4j-slf4j2-impl/2.19.0/log4j-slf4j2-impl-2.19.0.jar",
          "sha1": "5c04bfdd63ce9dceb2e284b81e96b6a70010ee10",
          "size": 27721
        }
      }
    },
    {
      "name": "org.slf4j:slf4j-api:2.0.7",
      "downloads": {
        "artifact": {
          "url": "https://libraries.minecraft.net/org/slf4j/slf4j-api/2.0.7/slf4j-api-2.0.7.jar",
          "sha1": "41eb7184ea9d556f23e18b5cb99cad1f8581fc00",
          "size": 63635
        }
      }
    },
    {
      "name": "com.google.guava:guava:21.0",
      "url": "https://repo.maven.apache.org/maven2/"
    },
    {
      "name": "net.java.jinput:jinput:2.0.5",
      "downloads": {
        "artifact": {
          "url": "https://libraries.minecraft.net/net/java/jinput/jinput/2.0.5/jinput-2.0.5.jar",
          "sha1": "39c7796b469a600f72380316f6b1f11db6c2c7c4",
          "size": 208338
        }
      }
    },
    {
      "name": "net.java.jutils:jutils:1.0.0",
      "downloads": {
        "artifact": {
          "url": "https://libraries.minecraft.net/net/java/jutils/jutils/1.0.0/jutils-1.0.0.jar",
          "sha1": "e12fe1fda814bd348c1579329c86943d2cd3c6a6",
          "size": 7508
        }
      }
    },
    {
      "name": "org.lwjgl:lwjgl-freetype-natives-linux:3.3.3",
      "rules": [
        {
          "action": "allow",
          "os": {
            "name": "linux"
          }
        }
      ],
      "downloads": {
        "artifact": {
          "url": "https://libraries.minecraft.net/org/lwjgl/lwjgl-freetype/3.3.3/lwjgl-freetype-3.3.3-natives-linux.jar",
          "sha1": "149070a5480900347071b7074779531f25a6e3dc",
          "size": 1245129
        }
      }
    },
    {
      "name": "org.lwjgl:lwjgl-freetype-natives-macos-arm64:3.3.3",
      "rules": [
        {
          "action": "allow",
          "os": {
            "name": "osx"
          }
        },
        {
          "action": "allow",
          "os": {}
        }
      ],
      "downloads": {
        "artifact": {
          "url": "https://libraries.minecraft.net/org/lwjgl/lwjgl-freetype/3.3.3/lwjgl-freetype-3.3.3-natives-macos-arm64.jar",
          "sha1": "b0a8c9baa9d1f54ac61e1ab9640c7659e7fa700c",
          "size": 1040981
        }
      }
    },
    {
      "name": "org.lwjgl:lwjgl-freetype-natives-macos:3.3.3",
      "rules": [
        {
          "action": "allow",
          "os": {
            "name": "osx"
          }
        }
      ],
      "downloads": {
        "artifact": {
          "url": "https://libraries.minecraft.net/org/lwjgl/lwjgl-freetype/3.3.3/lwjgl-freetype-3.3.3-natives-macos.jar",
          "sha1": "1e9b635b5c16b515527b905749be59223e338c4d",
          "size": 1142682
        }
      }
    },
    {
      "name": "org.lwjgl:lwjgl-freetype-natives-windows-arm64:3.3.3",
      "rules": [
        {
          "action": "allow",
          "os": {
            "name": "windows"
          }
        },
        {
          "action": "allow",
          "os": {}
        }
      ],
      "downloads": {
        "artifact": {
          "url": "https://libraries.minecraft.net/org/lwjgl/lwjgl-freetype/3.3.3/lwjgl-freetype-3.3.3-natives-windows-arm64.jar",
          "sha1": "82028265a0a2ff33523ca75137ada7dc176e5210",
          "size": 886068
        }
      }
    },
    {
      "name": "org.lwjgl:lwjgl-freetype-natives-windows-x86:3.3.3",
      "rules": [
        {
          "action": "allow",
          "os": {
            "name": "windows"
          }
        }
      ],
      "downloads": {
        "artifact": {
          "url": "https://libraries.minecraft.net/org/lwjgl/lwjgl-freetype/3.3.3/lwjgl-freetype-3.3.3-natives-windows-x86.jar",
          "sha1": "15a8c1de7f51d07a92eae7ce1222557073a0c0c3",
          "size": 877480
        }
      }
    },
    {
      "name": "org.lwjgl:lwjgl-freetype-natives-windows:3.3.3",
      "rules": [
        {
          "action": "allow",
          "os": {
            "name": "windows"
          }
        }
      ],
      "downloads": {
        "artifact": {
          "url": "https://libraries.minecraft.net/org/lwjgl/lwjgl-freetype/3.3.3/lwjgl-freetype-3.3.3-natives-windows.jar",
          "sha1": "81091b006dbb43fab04c8c638e9ac87c51b4096d",
          "size": 1035586
        }
      }
    },
    {
      "name": "org.lwjgl:lwjgl-freetype:3.3.3",
      "downloads": {
        "artifact": {
          "url": "https://libraries.minecraft.net/org/lwjgl/lwjgl-freetype/3.3.3/lwjgl-freetype-3.3.3.jar",
          "sha1": "a0db6c84a8becc8ca05f9dbfa985edc348a824c7",
          "size": 450896
        }
      }
    },
    {
      "name": "org.lwjgl:lwjgl-glfw-natives-linux:3.3.3",
      "rules": [
        {
          "action": "allow",
          "os": {
            "name": "linux"
          }
        }
      ],
      "downloads": {
        "artifact": {
          "url": "https://libraries.minecraft.net/org/lwjgl/lwjgl-glfw/3.3.3/lwjgl-glfw-3.3.3-natives-linux.jar",
          "sha1": "a03684c5e4b1b1dbbe0d29dbbdc27b985b6840f2",
          "size": 118478
        }
      }
    },
    {
      "name": "org.lwjgl:lwjgl-glfw-natives-macos-arm64:3.3.3",
      "rules": [
        {
          "action": "allow",
          "os": {
            "name": "osx"
          }
        },
        {
          "action": "allow",
          "os": {}
        }
      ],
      "downloads": {
        "artifact": {
          "url": "https://libraries.minecraft.net/org/lwjgl/lwjgl-glfw/3.3.3/lwjgl-glfw-3.3.3-natives-macos-arm64.jar",
          "sha1": "ee8cc78d0a4a5b3b4600fade6d927c9fc320c858",
          "size": 138288
        }
      }
    },
    {
      "name": "org.lwjgl:lwjgl-glfw-natives-macos:3.3.3",
      "rules": [
        {
          "action": "allow",
          "os": {
            "name": "osx"
          }
        }
      ],
      "downloads": {
        "artifact": {
          "url": "https://libraries.minecraft.net/org/lwjgl/lwjgl-glfw/3.3.3/lwjgl-glfw-3.3.3-natives-macos.jar",
          "sha1": "a1bf400f6bc64e6195596cb1430dafda46090751",
          "size": 140884
        }
      }
    },
    {
      "name": "org.lwjgl:lwjgl-glfw-natives-windows-arm64:3.3.3",
      "rules": [
        {
          "action": "allow",
          "os": {
            "name": "windows"
          }
        },
        {
          "action": "allow",
          "os": {}
        }
      ],
      "downloads": {
        "artifact": {
          "url": "https://libraries.minecraft.net/org/lwjgl/lwjgl-glfw/3.3.3/lwjgl-glfw-3.3.3-natives-windows-arm64.jar",
          "sha1": "f27018dc74f6289574502b46cce55d52817554e2",
          "size": 141970
        }
      }
    },
    {
      "name": "org.lwjgl:lwjgl-glfw-natives-windows-x86:3.3.3",
      "rules": [
        {
          "action": "allow",
          "os": {
            "name": "windows"
          }
        }
      ],
      "downloads": {
        "artifact": {
          "url": "https://libraries.minecraft.net/org/lwjgl/lwjgl-glfw/3.3.3/lwjgl-glfw-3.3.3-natives-windows-x86.jar",
          "sha1": "32334f3fd5270a59bad9939a93115acb6de36dcf",
          "size": 157123
        }
      }
    },
    {
      "name": "org.lwjgl:lwjgl-glfw-natives-windows:3.3.3",
      "rules": [
        {
          "action": "allow",
          "os": {
            "name": "windows"
          }
        }
      ],
      "downloads": {
        "artifact": {
          "url": "https://libraries.minecraft.net/org/lwjgl/lwjgl-glfw/3.3.3/lwjgl-glfw-3.3.3-natives-windows.jar",
          "sha1": "e449e28b4891fc423c54c85fbc5bb0b9efece67a",
          "size": 166368
        }
      }
    },
    {
      "name": "org.lwjgl:lwjgl-glfw:3.3.3",
      "downloads": {
        "artifact": {
          "url": "https://libraries.minecraft.net/org/lwjgl/lwjgl-glfw/3.3.3/lwjgl-glfw-3.3.3.jar",
          "sha1": "efa1eb78c5ccd840e9f329717109b5e892d72f8e",
          "size": 135546
        }
      }
    },
    {
      "name": "org.lwjgl:lwjgl-jemalloc-natives-linux:3.3.3",
      "rules": [
        {
          "action": "allow",
          "os": {
            "name": "linux"
          }
        }
      ],
      "downloads": {
        "artifact": {
          "url": "https://libraries.minecraft.net/org/lwjgl/lwjgl-jemalloc/3.3.3/lwjgl-jemalloc-3.3.3-natives-linux.jar",
          "sha1": "4f86728bf449b1dd61251c4e0ac01df1389cb51e",
          "size": 206779
        }
      }
    },
    {
      "name": "org.lwjgl:lwjgl-jemalloc-natives-macos-arm64:3.3.3",
      "rules": [
        {
          "action": "allow",
          "os": {
            "name": "osx"
          }
        },
        {
          "action": "allow",
          "os": {}
        }
      ],
      "downloads": {
        "artifact": {
          "url": "https://libraries.minecraft.net/org/lwjgl/lwjgl-jemalloc/3.3.3/lwjgl-jemalloc-3.3.3-natives-macos-arm64.jar",
          "sha1": "e9412c3ff8cb3a3bad1d3f52909ad74d8a5bdad1",
          "size": 141418
        }
      }
    },
    {
      "name": "org.lwjgl:lwjgl-jemalloc-natives-macos:3.3.3",
      "rules": [
        {
          "action": "allow",
          "os": {
            "name": "osx"
          }
        }
      ],
      "downloads": {
        "artifact": {
          "url": "https://libraries.minecraft.net/org/lwjgl/lwjgl-jemalloc/3.3.3/lwjgl-jemalloc-3.3.3-natives-macos.jar",
          "sha1": "2906637657a57579847238c9c72d2c4bde7083f8",
          "size": 153131
        }
      }
    },
    {
      "name": "org.lwjgl:lwjgl-jemalloc-natives-windows-arm64:3.3.3",
      "rules": [
        {
          "action": "allow",
          "os": {
            "name": "windows"
          }
        },
        {
          "action": "allow",
          "os": {}
        }
      ],
      "downloads": {
        "artifact": {
          "url": "https://libraries.minecraft.net/org/lwjgl/lwjgl-jemalloc/3.3.3/lwjgl-jemalloc-3.3.3-natives-windows-arm64.jar",
          "sha1": "ba1f3fed0ee4be0217eaa41c5bbfb4b9b1383c33",
          "size": 154415
        }
      }
    },
    {
      "name": "org.lwjgl:lwjgl-jemalloc-natives-windows-x86:3.3.3",
      "rules": [
        {
          "action": "allow",
          "os": {
            "name": "windows"
          }
        }
      ],
      "downloads": {
        "artifact": {
          "url": "https://libraries.minecraft.net/org/lwjgl/lwjgl-jemalloc/3.3.3/lwjgl-jemalloc-3.3.3-natives-windows-x86.jar",
          "sha1": "f6063b6e0f23be483c5c88d84ce51b39dc69126c",
          "size": 148612
        }
      }
    },
    {
      "name": "org.lwjgl:lwjgl-jemalloc-natives-windows:3.3.3",
      "rules": [
        {
          "action": "allow",
          "os": {
            "name": "windows"
          }
        }
      ],
      "downloads": {
        "artifact": {
          "url": "https://libraries.minecraft.net/org/lwjgl/lwjgl-jemalloc/3.3.3/lwjgl-jemalloc-3.3.3-natives-windows.jar",
          "sha1": "426222fc027602a5f21b9c0fe79cde6a4c7a011f",
          "size": 180344
        }
      }
    },
    {
      "name": "org.lwjgl:lwjgl-jemalloc:3.3.3",
      "downloads": {
        "artifact": {
          "url": "https://libraries.minecraft.net/org/lwjgl/lwjgl-jemalloc/3.3.3/lwjgl-jemalloc-3.3.3.jar",
          "sha1": "b543467b7ff3c6920539a88ee602d34098628be5",
          "size": 43896
        }
      }
    },
    {
      "name": "org.lwjgl:lwjgl-natives-linux:3.3.3",
      "rules": [
        {
          "action": "allow",
          "os": {
            "name": "linux"
          }
        }
      ],
      "downloads": {
        "artifact": {
          "url": "https://libraries.minecraft.net/org/lwjgl/lwjgl/3.3.3/lwjgl-3.3.3-natives-linux.jar",
          "sha1": "1713758e3660ba66e1e954396fd18126038b33c0",
          "size": 114627
        }
      }
    },
    {
      "name": "org.lwjgl:lwjgl-natives-macos-arm64:3.3.3",
      "rules": [
        {
          "action": "allow",
          "os": {
            "name": "osx"
          }
        },
        {
          "action": "allow",
          "os": {}
        }
      ],
      "downloads": {
        "artifact": {
          "url": "https://libraries.minecraft.net/org/lwjgl/lwjgl/3.3.3/lwjgl-3.3.3-natives-macos-arm64.jar",
          "sha1": "226246e75f6bd8d4e1895bdce8638ef87808d114",
          "size": 48620
        }
      }
    },
    {
      "name": "org.lwjgl:lwjgl-natives-macos:3.3.3",
      "rules": [
        {
          "action": "allow",
          "os": {
            "name": "osx"
          }
        }
      ],
      "downloads": {
        "artifact": {
          "url": "https://libraries.minecraft.net/org/lwjgl/lwjgl/3.3.3/lwjgl-3.3.3-natives-macos.jar",
          "sha1": "33a6efa288390490ce6eb6c3df47ac21ecf648cf",
          "size": 60543
        }
      }
    },
    {
      "name": "org.lwjgl:lwjgl-natives-windows-arm64:3.3.3",
      "rules": [
        {
          "action": "allow",
          "os": {
            "name": "windows"
          }
        },
        {
          "action": "allow",
          "os": {}
        }
      ],
      "downloads": {
        "artifact": {
          "url": "https://libraries.minecraft.net/org/lwjgl/lwjgl/3.3.3/lwjgl-3.3.3-natives-windows-arm64.jar",
          "sha1": "e9aca8c5479b520a2a7f0d542a118140e812c5e8",
          "size": 133378
        }
      }
    },
    {
      "name": "org.lwjgl:lwjgl-natives-windows-x86:3.3.3",
      "rules": [
        {
          "action": "allow",
          "os": {
            "name": "windows"
          }
        }
      ],
      "downloads": {
        "artifact": {
          "url": "https://libraries.minecraft.net/org/lwjgl/lwjgl/3.3.3/lwjgl-3.3.3-natives-windows-x86.jar",
          "sha1": "9e670718e050aeaeea0c2d5b907cffb142f2e58f",
          "size": 139653
        }
      }
    },
    {
      "name": "org.lwjgl:lwjgl-natives-windows:3.3.3",
      "rules": [
        {
          "action": "allow",
          "os": {
            "name": "windows"
          }
        }
      ],
      "downloads": {
        "artifact": {
          "url": "https://libraries.minecraft.net/org/lwjgl/lwjgl/3.3.3/lwjgl-3.3.3-natives-windows.jar",
          "sha1": "a5ed18a2b82fc91b81f40d717cb1f64c9dcb0540",
          "size": 165442
        }
      }
    },
    {
      "name": "org.lwjgl:lwjgl-openal-natives-linux:3.3.3",
      "rules": [
        {
          "action": "allow",
          "os": {
            "name": "linux"
          }
        }
      ],
      "downloads": {
        "artifact": {
          "url": "https://libraries.minecraft.net/org/lwjgl/lwjgl-openal/3.3.3/lwjgl-openal-3.3.3-natives-linux.jar",
          "sha1": "3037360cc4595079bea240af250b6d1a527e0905",
          "size": 573224
        }
      }
    },
    {
      "name": "org.lwjgl:lwjgl-openal-natives-macos-arm64:3.3.3",
      "rules": [
        {
          "action": "allow",
          "os": {
            "name": "osx"
          }
        },
        {
          "action": "allow",
          "os": {}
        }
      ],
      "downloads": {
        "artifact": {
          "url": "https://libraries.minecraft.net/org/lwjgl/lwjgl-openal/3.3.3/lwjgl-openal-3.3.3-natives-macos-arm64.jar",
          "sha1": "0c78b078de2fb52f45aa55d04db889a560f3544f",
          "size": 471012
        }
      }
    },
    {
      "name": "org.lwjgl:lwjgl-openal-natives-macos:3.3.3",
      "rules": [
        {
          "action": "allow",
          "os": {
            "name": "osx"
          }
        }
      ],
      "downloads": {
        "artifact": {
          "url": "https://libraries.minecraft.net/org/lwjgl/lwjgl-openal/3.3.3/lwjgl-openal-3.3.3-natives-macos.jar",
          "sha1": "8df8338bfa77f2ebabef4e58964bd04d24805cbf",
          "size": 519824
        }
      }
    },
    {
      "name": "org.lwjgl:lwjgl-openal-natives-windows-arm64:3.3.3",
      "rules": [
        {
          "action": "allow",
          "os": {
            "name": "windows"
          }
        },
        {
          "action": "allow",
          "os": {}
        }
      ],
      "downloads": {
        "artifact": {
          "url": "https://libraries.minecraft.net/org/lwjgl/lwjgl-openal/3.3.3/lwjgl-openal-3.3.3-natives-windows-arm64.jar",
          "sha1": "8e0615235116b9e4160dfe87bec90f5f6378bf72",
          "size": 630410
        }
      }
    },
    {
      "name": "org.lwjgl:lwjgl-openal-natives-windows-x86:3.3.3",
      "rules": [
        {
          "action": "allow",
          "os": {
            "name": "windows"
          }
        }
      ],
      "downloads": {
        "artifact": {
          "url": "https://libraries.minecraft.net/org/lwjgl/lwjgl-openal/3.3.3/lwjgl-openal-3.3.3-natives-windows-x86.jar",
          "sha1": "87b8d5050e3adb46bb58fe1cb2669a4a48fce10d",
          "size": 638424
        }
      }
    },
    {
      "name": "org.lwjgl:lwjgl-openal-natives-windows:3.3.3",
      "rules": [
        {
          "action": "allow",
          "os": {
            "name": "windows"
          }
        }
      ],
      "downloads": {
        "artifact": {
          "url": "https://libraries.minecraft.net/org/lwjgl/lwjgl-openal/3.3.3/lwjgl-openal-3.3.3-natives-windows.jar",
          "sha1": "cf83862ae95d98496b26915024c7e666d8ab1c8f",
          "size": 698720
        }
      }
    },
    {
      "name": "org.lwjgl:lwjgl-openal:3.3.3",
      "downloads": {
        "artifact": {
          "url": "https://libraries.minecraft.net/org/lwjgl/lwjgl-openal/3.3.3/lwjgl-openal-3.3.3.jar",
          "sha1": "daada81ceb5fc0c291fbfdd4433cb8d9423577f2",
          "size": 110586
        }
      }
    },
    {
      "name": "org.lwjgl:lwjgl-opengl-natives-linux:3.3.3",
      "rules": [
        {
          "action": "allow",
          "os": {
            "name": "linux"
          }
        }
      ],
      "downloads": {
        "artifact": {
          "url": "https://libraries.minecraft.net/org/lwjgl/lwjgl-opengl/3.3.3/lwjgl-opengl-3.3.3-natives-linux.jar",
          "sha1": "62c70a4b00ca5391882b0f4b787c1588d24f1c86",
          "size": 80463
        }
      }
    },
    {
      "name": "org.lwjgl:lwjgl-opengl-natives-macos-arm64:3.3.3",
      "rules": [
        {
          "action": "allow",
          "os": {
            "name": "osx"
          }
        },
        {
          "action": "allow",
          "os": {}
        }
      ],
      "downloads": {
        "artifact": {
          "url": "https://libraries.minecraft.net/org/lwjgl/lwjgl-opengl/3.3.3/lwjgl-opengl-3.3.3-natives-macos-arm64.jar",
          "sha1": "d213ddef27637b1af87961ffa94d6b27036becc8",
          "size": 42487
        }
      }
    },
    {
      "name": "org.lwjgl:lwjgl-opengl-natives-macos:3.3.3",
      "rules": [
        {
          "action": "allow",
          "os": {
            "name": "osx"
          }
        }
      ],
      "downloads": {
        "artifact": {
          "url": "https://libraries.minecraft.net/org/lwjgl/lwjgl-opengl/3.3.3/lwjgl-opengl-3.3.3-natives-macos.jar",
          "sha1": "1bd45997551ae8a28469f3a2b678f4b7289e12c0",
          "size": 41484
        }
      }
    },
    {
      "name": "org.lwjgl:lwjgl-opengl-natives-windows-arm64:3.3.3",
      "rules": [
        {
          "action": "allow",
          "os": {
            "name": "windows"
          }
        },
        {
          "action": "allow",
          "os": {}
        }
      ],
      "downloads": {
        "artifact": {
          "url": "https://libraries.minecraft.net/org/lwjgl/lwjgl-opengl/3.3.3/lwjgl-opengl-3.3.3-natives-windows-arm64.jar",
          "sha1": "65e956d3735a1abdc82eff4baec1b61174697d4b",
          "size": 83095
        }
      }
    },
    {
      "name": "org.lwjgl:lwjgl-opengl-natives-windows-x86:3.3.3",
      "rules": [
        {
          "action": "allow",
          "os": {
            "name": "windows"
          }
        }
      ],
      "downloads": {
        "artifact": {
          "url": "https://libraries.minecraft.net/org/lwjgl/lwjgl-opengl/3.3.3/lwjgl-opengl-3.3.3-natives-windows-x86.jar",
          "sha1": "0d32d833dcaa2f355a886eaf21f0408b5f03241d",
          "size": 88612
        }
      }
    },
    {
      "name": "org.lwjgl:lwjgl-opengl-natives-windows:3.3.3",
      "rules": [
        {
          "action": "allow",
          "os": {
            "name": "windows"
          }
        }
      ],
      "downloads": {
        "artifact": {
          "url": "https://libraries.minecraft.net/org/lwjgl/lwjgl-opengl/3.3.3/lwjgl-opengl-3.3.3-natives-windows.jar",
          "sha1": "e6c1eec8be8a71951b830a4d69efc01c6531900c",
          "size": 101535
        }
      }
    },
    {
      "name": "org.lwjgl:lwjgl-opengl:3.3.3",
      "downloads": {
        "artifact": {
          "url": "https://libraries.minecraft.net/org/lwjgl/lwjgl-opengl/3.3.3/lwjgl-opengl-3.3.3.jar",
          "sha1": "02f6b0147078396a58979125a4c947664e98293a",
          "size": 929192
        }
      }
    },
    {
      "name": "org.lwjgl:lwjgl-stb-natives-linux:3.3.3",
      "rules": [
        {
          "action": "allow",
          "os": {
            "name": "linux"
          }
        }
      ],
      "downloads": {
        "artifact": {
          "url": "https://libraries.minecraft.net/org/lwjgl/lwjgl-stb/3.3.3/lwjgl-stb-3.3.3-natives-linux.jar",
          "sha1": "fd1271ccd9d85eff2fa31f3fd543e02ccfaf5041",
          "size": 231820
        }
      }
    },
    {
      "name": "org.lwjgl:lwjgl-stb-natives-macos-arm64:3.3.3",
      "rules": [
        {
          "action": "allow",
          "os": {
            "name": "osx"
          }
        },
        {
          "action": "allow",
          "os": {}
        }
      ],
      "downloads": {
        "artifact": {
          "url": "https://libraries.minecraft.net/org/lwjgl/lwjgl-stb/3.3.3/lwjgl-stb-3.3.3-natives-macos-arm64.jar",
          "sha1": "51c6955571fbcdb7bb538c6aa589b953b584c6af",
          "size": 183628
        }
      }
    },
    {
      "name": "org.lwjgl:lwjgl-stb-natives-macos:3.3.3",
      "rules": [
        {
          "action": "allow",
          "os": {
            "name": "osx"
          }
        }
      ],
      "downloads": {
        "artifact": {
          "url": "https://libraries.minecraft.net/org/lwjgl/lwjgl-stb/3.3.3/lwjgl-stb-3.3.3-natives-macos.jar",
          "sha1": "472792c98fb2c1557c060cb9da5fca6a9773621f",
          "size": 216456
        }
      }
    },
    {
      "name": "org.lwjgl:lwjgl-stb-natives-windows-arm64:3.3.3",
      "rules": [
        {
          "action": "allow",
          "os": {
            "name": "windows"
          }
        },
        {
          "action": "allow",
          "os": {}
        }
      ],
      "downloads": {
        "artifact": {
          "url": "https://libraries.minecraft.net/org/lwjgl/lwjgl-stb/3.3.3/lwjgl-stb-3.3.3-natives-windows-arm64.jar",
          "sha1": "a584ab44de569708871f0a79561f4d8c37487f2c",
          "size": 219511
        }
      }
    },
    {
      "name": "org.lwjgl:lwjgl-stb-natives-windows-x86:3.3.3",
      "rules": [
        {
          "action": "allow",
          "os": {
            "name": "windows"
          }
        }
      ],
      "downloads": {
        "artifact": {
          "url": "https://libraries.minecraft.net/org/lwjgl/lwjgl-stb/3.3.3/lwjgl-stb-3.3.3-natives-windows-x86.jar",
          "sha1": "b5c874687b9aac1a936501d4ed2c49567fd1b575",
          "size": 227800
        }
      }
    },
    {
      "name": "org.lwjgl:lwjgl-stb-natives-windows:3.3.3",
      "rules": [
        {
          "action": "allow",
          "os": {
            "name": "windows"
          }
        }
      ],
      "downloads": {
        "artifact": {
          "url": "https://libraries.minecraft.net/org/lwjgl/lwjgl-stb/3.3.3/lwjgl-stb-3.3.3-natives-windows.jar",
          "sha1": "1d9facdf6541de114b0f963be33505b7679c78cb",
          "size": 261297
        }
      }
    },
    {
      "name": "org.lwjgl:lwjgl-stb:3.3.3",
      "downloads": {
        "artifact": {
          "url": "https://libraries.minecraft.net/org/lwjgl/lwjgl-stb/3.3.3/lwjgl-stb-3.3.3.jar",
          "sha1": "25dd6161988d7e65f71d5065c99902402ee32746",
          "size": 120283
        }
      }
    },
    {
      "name": "org.lwjgl:lwjgl-tinyfd-natives-linux:3.3.3",
      "rules": [
        {
          "action": "allow",
          "os": {
            "name": "linux"
          }
        }
      ],
      "downloads": {
        "artifact": {
          "url": "https://libraries.minecraft.net/org/lwjgl/lwjgl-tinyfd/3.3.3/lwjgl-tinyfd-3.3.3-natives-linux.jar",
          "sha1": "d8d58daa0c3e5fd906fee96f5fddbcbc07cc308b",
          "size": 44192
        }
      }
    },
    {
      "name": "org.lwjgl:lwjgl-tinyfd-natives-macos-arm64:3.3.3",
      "rules": [
        {
          "action": "allow",
          "os": {
            "name": "osx"
          }
        },
        {
          "action": "allow",
          "os": {}
        }
      ],
      "downloads": {
        "artifact": {
          "url": "https://libraries.minecraft.net/org/lwjgl/lwjgl-tinyfd/3.3.3/lwjgl-tinyfd-3.3.3-natives-macos-arm64.jar",
          "sha1": "406feedb977372085a61eb0fee358183f4f4c67a",
          "size": 42498
        }
      }
    },
    {
      "name": "org.lwjgl:lwjgl-tinyfd-natives-macos:3.3.3",
      "rules": [
        {
          "action": "allow",
          "os": {
            "name": "osx"
          }
        }
      ],
      "downloads": {
        "artifact": {
          "url": "https://libraries.minecraft.net/org/lwjgl/lwjgl-tinyfd/3.3.3/lwjgl-tinyfd-3.3.3-natives-macos.jar",
          "sha1": "6598081e346a03038a8be68eb2de614a1c2eac68",
          "size": 45865
        }
      }
    },
    {
      "name": "org.lwjgl:lwjgl-tinyfd-natives-windows-arm64:3.3.3",
      "rules": [
        {
          "action": "allow",
          "os": {
            "name": "windows"
          }
        },
        {
          "action": "allow",
          "os": {}
        }
      ],
      "downloads": {
        "artifact": {
          "url": "https://libraries.minecraft.net/org/lwjgl/lwjgl-tinyfd/3.3.3/lwjgl-tinyfd-3.3.3-natives-windows-arm64.jar",
          "sha1": "a88c494f3006eb91a7433b12a3a55a9a6c20788b",
          "size": 110867
        }
      }
    },
    {
      "name": "org.lwjgl:lwjgl-tinyfd-natives-windows-x86:3.3.3",
      "rules": [
        {
          "action": "allow",
          "os": {
            "name": "windows"
          }
        }
      ],
      "downloads": {
        "artifact": {
          "url": "https://libraries.minecraft.net/org/lwjgl/lwjgl-tinyfd/3.3.3/lwjgl-tinyfd-3.3.3-natives-windows-x86.jar",
          "sha1": "c336c84ee88cccb495c6ffa112395509e7378e8a",
          "size": 111797
        }
      }
    },
    {
      "name": "org.lwjgl:lwjgl-tinyfd-natives-windows:3.3.3",
      "rules": [
        {
          "action": "allow",
          "os": {
            "name": "windows"
          }
        }
      ],
      "downloads": {
        "artifact": {
          "url": "https://libraries.minecraft.net/org/lwjgl/lwjgl-tinyfd/3.3.3/lwjgl-tinyfd-3.3.3-natives-windows.jar",
          "sha1": "a6697981b0449a5087c1d546fc08b4f73e8f98c9",
          "size": 130253
        }
      }
    },
    {
      "name": "org.lwjgl:lwjgl-tinyfd:3.3.3",
      "downloads": {
        "artifact": {
          "url": "https://libraries.minecraft.net/org/lwjgl/lwjgl-tinyfd/3.3.3/lwjgl-tinyfd-3.3.3.jar",
          "sha1": "82d755ca94b102e9ca77283b9e2dc46d1b15fbe5",
          "size": 13400
        }
      }
    },
    {
      "name": "org.lwjgl:lwjgl:3.3.3",
      "downloads": {
        "artifact": {
          "url": "https://libraries.minecraft.net/org/lwjgl/lwjgl/3.3.3/lwjgl-3.3.3.jar",
          "sha1": "29589b5f87ed335a6c7e7ee6a5775f81f97ecb84",
          "size": 785029
        }
      }
    },
    {
      "name": "org.lwjgl:lwjgl-freetype-natives-linux-arm64:3.3.3-lwjgl.1",
      "rules": [
        {
          "action": "allow",
          "os": {}
        }
      ],
      "downloads": {
        "artifact": {
          "url": "https://build.lwjgl.org/release/3.3.3/bin/lwjgl-freetype/lwjgl-freetype-natives-linux-arm64.jar",
          "sha1": "498965aac06c4a0d42df1fbef6bacd05bde7f974",
          "size": 1093516
        }
      }
    },
    {
      "name": "org.lwjgl:lwjgl-freetype-natives-linux-arm32:3.3.3-lwjgl.1",
      "rules": [
        {
          "action": "allow",
          "os": {}
        }
      ],
      "downloads": {
        "artifact": {
          "url": "https://build.lwjgl.org/release/3.3.3/bin/lwjgl-freetype/lwjgl-freetype-natives-linux-arm32.jar",
          "sha1": "7dd3b1f751571adaf2c4dc882bc675a5d1e796e6",
          "size": 942636
        }
      }
    },
    {
      "name": "org.lwjgl:lwjgl-glfw-natives-linux-arm64:3.3.3-lwjgl.1",
      "rules": [
        {
          "action": "allow",
          "os": {}
        }
      ],
      "downloads": {
        "artifact": {
          "url": "https://build.lwjgl.org/release/3.3.3/bin/lwjgl-glfw/lwjgl-glfw-natives-linux-arm64.jar",
          "sha1": "492a0f11f85b85899a6568f07511160c1b87cd38",
          "size": 122159
        }
      }
    },
    {
      "name": "org.lwjgl:lwjgl-glfw-natives-linux-arm32:3.3.3-lwjgl.1",
      "rules": [
        {
          "action": "allow",
          "os": {}
        }
      ],
      "downloads": {
        "artifact": {
          "url": "https://build.lwjgl.org/release/3.3.3/bin/lwjgl-glfw/lwjgl-glfw-natives-linux-arm32.jar",
          "sha1": "d9af485c32545b37dd5359b163161d42d7534dcf",
          "size": 112560
        }
      }
    },
    {
      "name": "org.lwjgl:lwjgl-jemalloc-natives-linux-arm64:3.3.3-lwjgl.1",
      "rules": [
        {
          "action": "allow",
          "os": {}
        }
      ],
      "downloads": {
        "artifact": {
          "url": "https://build.lwjgl.org/release/3.3.3/bin/lwjgl-jemalloc/lwjgl-jemalloc-natives-linux-arm64.jar",
          "sha1": "eff8b86798191192fe2cba2dc2776109f30c239d",
          "size": 209315
        }
      }
    },
    {
      "name": "org.lwjgl:lwjgl-jemalloc-natives-linux-arm32:3.3.3-lwjgl.1",
      "rules": [
        {
          "action": "allow",
          "os": {}
        }
      ],
      "downloads": {
        "artifact": {
          "url": "https://build.lwjgl.org/release/3.3.3/bin/lwjgl-jemalloc/lwjgl-jemalloc-natives-linux-arm32.jar",
          "sha1": "109b6931880d02d4e65ced38928a16e41d19873e",
          "size": 178324
        }
      }
    },
    {
      "name": "org.lwjgl:lwjgl-openal-natives-linux-arm64:3.3.3-lwjgl.1",
      "rules": [
        {
          "action": "allow",
          "os": {}
        }
      ],
      "downloads": {
        "artifact": {
          "url": "https://build.lwjgl.org/release/3.3.3/bin/lwjgl-openal/lwjgl-openal-natives-linux-arm64.jar",
          "sha1": "ad8f302118a65bb8d615f8a2a680db58fb8f835e",
          "size": 592963
        }
      }
    },
    {
      "name": "org.lwjgl:lwjgl-openal-natives-linux-arm32:3.3.3-lwjgl.1",
      "rules": [
        {
          "action": "allow",
          "os": {}
        }
      ],
      "downloads": {
        "artifact": {
          "url": "https://build.lwjgl.org/release/3.3.3/bin/lwjgl-openal/lwjgl-openal-natives-linux-arm32.jar",
          "sha1": "e1702aa09d20359d6cf5cb2999fa7685a785eca7",
          "size": 505618
        }
      }
    },
    {
      "name": "org.lwjgl:lwjgl-opengl-natives-linux-arm64:3.3.3-lwjgl.1",
      "rules": [
        {
          "action": "allow",
          "os": {}
        }
      ],
      "downloads": {
        "artifact": {
          "url": "https://build.lwjgl.org/release/3.3.3/bin/lwjgl-opengl/lwjgl-opengl-natives-linux-arm64.jar",
          "sha1": "2096f6b94b2d68745d858fbfe53aacf5f0c8074c",
          "size": 58625
        }
      }
    },
    {
      "name": "org.lwjgl:lwjgl-opengl-natives-linux-arm32:3.3.3-lwjgl.1",
      "rules": [
        {
          "action": "allow",
          "os": {}
        }
      ],
      "downloads": {
        "artifact": {
          "url": "https://build.lwjgl.org/release/3.3.3/bin/lwjgl-opengl/lwjgl-opengl-natives-linux-arm32.jar",
          "sha1": "dbba17fc5ac0985d14a57c11f9537617d67b9952",
          "size": 59263
        }
      }
    },
    {
      "name": "org.lwjgl:lwjgl-stb-natives-linux-arm64:3.3.3-lwjgl.1",
      "rules": [
        {
          "action": "allow",
          "os": {}
        }
      ],
      "downloads": {
        "artifact": {
          "url": "https://build.lwjgl.org/release/3.3.3/bin/lwjgl-stb/lwjgl-stb-natives-linux-arm64.jar",
          "sha1": "ddc177afc2be1ee8d93684b11363b80589a13fe1",
          "size": 207418
        }
      }
    },
    {
      "name": "org.lwjgl:lwjgl-stb-natives-linux-arm32:3.3.3-lwjgl.1",
      "rules": [
        {
          "action": "allow",
          "os": {}
        }
      ],
      "downloads": {
        "artifact": {
          "url": "https://build.lwjgl.org/release/3.3.3/bin/lwjgl-stb/lwjgl-stb-natives-linux-arm32.jar",
          "sha1": "1ae28ff044699ff29b0e980ffabd73fba8a664b3",
          "size": 154931
        }
      }
    },
    {
      "name": "org.lwjgl:lwjgl-tinyfd-natives-linux-arm64:3.3.3-lwjgl.1",
      "rules": [
        {
          "action": "allow",
          "os": {}
        }
      ],
      "downloads": {
        "artifact": {
          "url": "https://build.lwjgl.org/release/3.3.3/bin/lwjgl-tinyfd/lwjgl-tinyfd-natives-linux-arm64.jar",
          "sha1": "2823a8c955c758d0954d282888075019ef99cec7",
          "size": 43864
        }
      }
    },
    {
      "name": "org.lwjgl:lwjgl-tinyfd-natives-linux-arm32:3.3.3-lwjgl.1",
      "rules": [
        {
          "action": "allow",
          "os": {}
        }
      ],
      "downloads": {
        "artifact": {
          "url": "https://build.lwjgl.org/release/3.3.3/bin/lwjgl-tinyfd/lwjgl-tinyfd-natives-linux-arm32.jar",
          "sha1": "c2a0a05c82c4b9f69ded0b6ad5f417addea78ce2",
          "size": 49495
        }
      }
    },
    {
      "name": "org.lwjgl:lwjgl-natives-linux-arm64:3.3.3-lwjgl.1",
      "rules": [
        {
          "action": "allow",
          "os": {}
        }
      ],
      "downloads": {
        "artifact": {
          "url": "https://build.lwjgl.org/release/3.3.3/bin/lwjgl/lwjgl-natives-linux-arm64.jar",
          "sha1": "f35d8b6ffe1ac1e3a5eb1d4e33de80f044ad5fd8",
          "size": 91294
        }
      }
    },
    {
      "name": "org.lwjgl:lwjgl-natives-linux-arm32:3.3.3-lwjgl.1",
      "rules": [
        {
          "action": "allow",
          "os": {}
        }
      ],
      "downloads": {
        "artifact": {
          "url": "https://build.lwjgl.org/release/3.3.3/bin/lwjgl/lwjgl-natives-linux-arm32.jar",
          "sha1": "2075c51a80f0ef0f22ba616ba54007ac2b0debd4",
          "size": 89565
        }
      }
    },
    {
      "name": "net.java.jinput:jinput-platform:2.0.5",
      "natives": {
        "linux": "natives-linux",
        "osx": "natives-osx",
        "windows": "natives-windows"
      },
      "extract": {
        "exclude": [
          "META-INF/"
        ]
      },
      "downloads": {
        "classifiers": {
          "natives-linux": {
            "url": "https://libraries.minecraft.net/net/java/jinput/jinput-platform/2.0.5/jinput-platform-2.0.5-natives-linux.jar",
            "sha1": "7ff832a6eb9ab6a767f1ade2b548092d0fa64795",
            "size": 10362
          },
          "natives-osx": {
            "url": "https://libraries.minecraft.net/net/java/jinput/jinput-platform/2.0.5/jinput-platform-2.0.5-natives-osx.jar",
            "sha1": "53f9c919f34d2ca9de8c51fc4e1e8282029a9232",
            "size": 12186
          },
          "natives-windows": {
            "url": "https://libraries.minecraft.net/net/java/jinput/jinput-platform/2.0.5/jinput-platform-2.0.5-natives-windows.jar",
            "sha1": "385ee093e01f587f30ee1c8a2ee7d408fd732e16",
            "size": 155179
          }
        }
      }
    },
    {
      "name": "net.java.jinput:jinput-platform:2.0.5",
      "natives": {
        "linux": "natives-linux",
        "osx": "natives-osx",
        "windows": "natives-windows"
      },
      "extract": {
        "exclude": [
          "META-INF/"
        ]
      },
      "downloads": {
        "classifiers": {
          "natives-linux": {
            "url": "https://libraries.minecraft.net/net/java/jinput/jinput-platform/2.0.5/jinput-platform-2.0.5-natives-linux.jar",
            "sha1": "7ff832a6eb9ab6a767f1ade2b548092d0fa64795",
            "size": 10362
          },
          "natives-osx": {
            "url": "https://libraries.minecraft.net/net/java/jinput/jinput-platform/2.0.5/jinput-platform-2.0.5-natives-osx.jar",
            "sha1": "53f9c919f34d2ca9de8c51fc4e1e8282029a9232",
            "size": 12186
          },
          "natives-windows": {
            "url": "https://libraries.minecraft.net/net/java/jinput/jinput-platform/2.0.5/jinput-platform-2.0.5-natives-windows.jar",
            "sha1": "385ee093e01f587f30ee1c8a2ee7d408fd732e16",
            "size": 155179
          }
        }
      }
    }
  ],
  "downloads": {},
  "assetIndex": {
    "totalSize": 49505710,
    "id": "pre-1.6",
    "known": true,
    "url": "https://launchermeta.mojang.com/v1/packages/3d8e55480977e32acd9844e545177e69a52f594b/pre-1.6.json",
    "sha1": "3d8e55480977e32acd9844e545177e69a52f594b",
    "size": 74091
  },
  "assets": "pre-1.6",
  "arguments": {
    "jvm": [
      {
        "value": "-Dfabric.gameVersion\u003d7.3_01"
      },
      {
        "value": "-Djava.library.path\u003d${natives_directory}"
      },
      {
        "value": "-cp"
      },
      {
        "value": "${classpath}"
      }
    ],
    "game": [
      {
        "value": [
          "--username",
          "${auth_player_name}"
        ]
      },
      {
        "value": [
          "--gameDir",
          "${game_directory}"
        ]
      },
      {
        "value": [
          "--uuid",
          "${auth_uuid}"
        ]
      },
      {
        "value": [
          "--username",
          "${auth_player_name}"
        ]
      }
    ]
  },
  "javaVersion": {
    "component": "java-runtime-alpha",
    "majorVersion": 17
  }
}
