{
  "id": "BTA-Babric-7.2_01",
  "family": "unknown",
  "time": "2024-07-31T15:35:43.674Z",
  "releaseTime": "2011-07-07T22:00:00Z",
  "type": "modified",
  "mainClass": "net.fabricmc.loader.impl.launch.knot.KnotClient",
  "minimumLauncherVersion": 7,
  "tlauncherVersion": 7,
  "libraries": [
    {
      "name": "fabric-loader:fabric-loader:0.15.6-babric.5-bta",
      "downloads": {
        "artifact": {
          "url": "https://github.com/Turnip-Labs/fabric-loader/releases/download/0.15.6-babric.5-bta/fabric-loader-0.15.6-babric.5-bta.jar",
          "size": 1239786
        }
      }
    },
    {
      "name": "org.ow2.asm:asm:9.6",
      "url": "https://maven.fabricmc.net/"
    },
    {
      "name": "org.ow2.asm:asm-analysis:9.6",
      "url": "https://maven.fabricmc.net/"
    },
    {
      "name": "org.ow2.asm:asm-commons:9.6",
      "url": "https://maven.fabricmc.net/"
    },
    {
      "name": "org.ow2.asm:asm-tree:9.6",
      "url": "https://maven.fabricmc.net/"
    },
    {
      "name": "org.ow2.asm:asm-util:9.6",
      "url": "https://maven.fabricmc.net/"
    },
    {
      "name": "net.fabricmc:sponge-mixin:0.13.3+mixin.0.8.5",
      "url": "https://maven.fabricmc.net/"
    },
    {
      "name": "org.slf4j:slf4j-api:1.7.30",
      "url": "https://repo.maven.apache.org/maven2/"
    },
    {
      "name": "org.slf4j:slf4j-log4j12:1.7.30",
      "url": "https://repo.maven.apache.org/maven2/"
    },
    {
      "name": "org.apache.logging.log4j:log4j-core:2.14.1",
      "url": "https://repo.maven.apache.org/maven2/"
    },
    {
      "name": "log4j:log4j:1.2.17",
      "url": "https://repo.maven.apache.org/maven2/"
    },
    {
      "name": "org.apache.logging.log4j:log4j-1.2-api:2.14.1",
      "url": "https://repo.maven.apache.org/maven2/"
    },
    {
      "name": "org.apache.logging.log4j:log4j-api:2.14.1",
      "url": "https://repo.maven.apache.org/maven2/"
    },
    {
      "name": "org.apache.logging.log4j:log4j-core:2.14.1",
      "url": "https://repo.maven.apache.org/maven2/"
    },
    {
      "name": "org.apache.logging.log4j:log4j-api:2.14.1",
      "url": "https://repo.maven.apache.org/maven2/"
    },
    {
      "name": "org.apache.logging.log4j:log4j-1.2-api:2.14.1",
      "url": "https://repo.maven.apache.org/maven2/"
    },
    {
      "name": "com.google.guava:guava:21.0",
      "url": "https://repo.maven.apache.org/maven2/"
    },
    {
      "name": "net.java.jinput:jinput:2.0.5",
      "downloads": {
        "artifact": {
          "url": "https://libraries.minecraft.net/net/java/jinput/jinput/2.0.5/jinput-2.0.5.jar",
          "sha1": "39c7796b469a600f72380316f6b1f11db6c2c7c4",
          "size": 208338
        }
      }
    },
    {
      "name": "net.java.jutils:jutils:1.0.0",
      "downloads": {
        "artifact": {
          "url": "https://libraries.minecraft.net/net/java/jutils/jutils/1.0.0/jutils-1.0.0.jar",
          "sha1": "e12fe1fda814bd348c1579329c86943d2cd3c6a6",
          "size": 7508
        }
      }
    },
    {
      "name": "org.lwjgl.lwjgl:lwjgl:2.9.3",
      "rules": [
        {
          "action": "allow"
        },
        {
          "action": "disallow",
          "os": {
            "name": "osx",
            "version": "^10\\.5\\.\\d$"
          }
        }
      ],
      "downloads": {
        "artifact": {
          "url": "https://libraries.minecraft.net/org/lwjgl/lwjgl/lwjgl/2.9.3/lwjgl-2.9.3.jar",
          "sha1": "3df168ac74e4a8c96562cdff24ad352e255bf89c",
          "size": 1053471
        }
      }
    },
    {
      "name": "org.lwjgl.lwjgl:lwjgl_util:2.9.3",
      "rules": [
        {
          "action": "allow"
        },
        {
          "action": "disallow",
          "os": {
            "name": "osx",
            "version": "^10\\.5\\.\\d$"
          }
        }
      ],
      "downloads": {
        "artifact": {
          "url": "https://libraries.minecraft.net/org/lwjgl/lwjgl/lwjgl_util/2.9.3/lwjgl_util-2.9.3.jar",
          "sha1": "751f06b62424da056954c67288fd5c494431e350",
          "size": 173911
        }
      }
    },
    {
      "name": "org.lwjgl.lwjgl:lwjgl-platform:2.9.3",
      "rules": [
        {
          "action": "allow"
        },
        {
          "action": "disallow",
          "os": {
            "name": "osx",
            "version": "^10\\.5\\.\\d$"
          }
        }
      ],
      "natives": {
        "linux": "natives-linux",
        "osx": "natives-osx",
        "windows": "natives-windows"
      },
      "extract": {
        "exclude": [
          "META-INF/"
        ]
      },
      "downloads": {
        "classifiers": {
          "natives-linux": {
            "url": "https://libraries.minecraft.net/org/lwjgl/lwjgl/lwjgl-platform/2.9.3/lwjgl-platform-2.9.3-natives-linux.jar",
            "sha1": "b1eafe80093381c56415731e1d64279e6140bcd0",
            "size": 578675
          },
          "natives-osx": {
            "url": "https://libraries.minecraft.net/org/lwjgl/lwjgl/lwjgl-platform/2.9.3/lwjgl-platform-2.9.3-natives-osx.jar",
            "sha1": "6686cf6ddaa20b4290aa6599a09bc0d17369be05",
            "size": 426817
          },
          "natives-windows": {
            "url": "https://libraries.minecraft.net/org/lwjgl/lwjgl/lwjgl-platform/2.9.3/lwjgl-platform-2.9.3-natives-windows.jar",
            "sha1": "fbc2afb3e288578e9942578decb6291a490549a0",
            "size": 613744
          }
        }
      }
    },
    {
      "name": "org.lwjgl.lwjgl:lwjgl:2.9.1-nightly-20130708-debug3",
      "rules": [
        {
          "action": "allow",
          "os": {
            "name": "osx",
            "version": "^10\\.5\\.\\d$"
          }
        }
      ],
      "downloads": {
        "artifact": {
          "url": "https://libraries.minecraft.net/org/lwjgl/lwjgl/lwjgl/2.9.1-nightly-20130708-debug3/lwjgl-2.9.1-nightly-20130708-debug3.jar",
          "sha1": "884511652c756fac16b37236f863f346bd1ea121",
          "size": 996625
        }
      }
    },
    {
      "name": "org.lwjgl.lwjgl:lwjgl_util:2.9.1-nightly-20130708-debug3",
      "rules": [
        {
          "action": "allow",
          "os": {
            "name": "osx",
            "version": "^10\\.5\\.\\d$"
          }
        }
      ],
      "downloads": {
        "artifact": {
          "url": "https://libraries.minecraft.net/org/lwjgl/lwjgl/lwjgl_util/2.9.1-nightly-20130708-debug3/lwjgl_util-2.9.1-nightly-20130708-debug3.jar",
          "sha1": "fb693ba4e22a85432a32e8a048893dc7a92f42ac",
          "size": 173338
        }
      }
    },
    {
      "name": "org.lwjgl.lwjgl:lwjgl-platform:2.9.1-nightly-20130708-debug3",
      "rules": [
        {
          "action": "allow",
          "os": {
            "name": "osx",
            "version": "^10\\.5\\.\\d$"
          }
        }
      ],
      "natives": {
        "linux": "natives-linux",
        "osx": "natives-osx",
        "windows": "natives-windows"
      },
      "extract": {
        "exclude": [
          "META-INF/"
        ]
      },
      "downloads": {
        "classifiers": {
          "natives-osx": {
            "url": "https://libraries.minecraft.net/org/lwjgl/lwjgl/lwjgl-platform/2.9.1-nightly-20130708-debug3/lwjgl-platform-2.9.1-nightly-20130708-debug3-natives-osx.jar",
            "sha1": "a9b83ad85742cad09c3574a91b0423bac3f7a0f5",
            "size": 458181
          }
        }
      }
    },
    {
      "name": "net.java.jinput:jinput-platform:2.0.5",
      "natives": {
        "linux": "natives-linux",
        "osx": "natives-osx",
        "windows": "natives-windows"
      },
      "extract": {
        "exclude": [
          "META-INF/"
        ]
      },
      "downloads": {
        "classifiers": {
          "natives-linux": {
            "url": "https://libraries.minecraft.net/net/java/jinput/jinput-platform/2.0.5/jinput-platform-2.0.5-natives-linux.jar",
            "sha1": "7ff832a6eb9ab6a767f1ade2b548092d0fa64795",
            "size": 10362
          },
          "natives-osx": {
            "url": "https://libraries.minecraft.net/net/java/jinput/jinput-platform/2.0.5/jinput-platform-2.0.5-natives-osx.jar",
            "sha1": "53f9c919f34d2ca9de8c51fc4e1e8282029a9232",
            "size": 12186
          },
          "natives-windows": {
            "url": "https://libraries.minecraft.net/net/java/jinput/jinput-platform/2.0.5/jinput-platform-2.0.5-natives-windows.jar",
            "sha1": "385ee093e01f587f30ee1c8a2ee7d408fd732e16",
            "size": 155179
          }
        }
      }
    },
    {
      "name": "net.java.jinput:jinput-platform:2.0.5",
      "natives": {
        "linux": "natives-linux",
        "osx": "natives-osx",
        "windows": "natives-windows"
      },
      "extract": {
        "exclude": [
          "META-INF/"
        ]
      },
      "downloads": {
        "classifiers": {
          "natives-linux": {
            "url": "https://libraries.minecraft.net/net/java/jinput/jinput-platform/2.0.5/jinput-platform-2.0.5-natives-linux.jar",
            "sha1": "7ff832a6eb9ab6a767f1ade2b548092d0fa64795",
            "size": 10362
          },
          "natives-osx": {
            "url": "https://libraries.minecraft.net/net/java/jinput/jinput-platform/2.0.5/jinput-platform-2.0.5-natives-osx.jar",
            "sha1": "53f9c919f34d2ca9de8c51fc4e1e8282029a9232",
            "size": 12186
          },
          "natives-windows": {
            "url": "https://libraries.minecraft.net/net/java/jinput/jinput-platform/2.0.5/jinput-platform-2.0.5-natives-windows.jar",
            "sha1": "385ee093e01f587f30ee1c8a2ee7d408fd732e16",
            "size": 155179
          }
        }
      }
    }
  ],
  "downloads": {},
  "assetIndex": {
    "totalSize": 49505710,
    "id": "pre-1.6",
    "known": true,
    "url": "https://launchermeta.mojang.com/v1/packages/3d8e55480977e32acd9844e545177e69a52f594b/pre-1.6.json",
    "sha1": "3d8e55480977e32acd9844e545177e69a52f594b",
    "size": 74091
  },
  "assets": "pre-1.6",
  "arguments": {
    "jvm": [
      {
        "value": "-Dfabric.gameVersion\u003d7.2"
      },
      {
        "value": "-Djava.library.path\u003d${natives_directory}"
      },
      {
        "value": "-Dsun.java2d.uiScale\u003d1.0"
      },
      {
        "value": "-cp"
      },
      {
        "value": "${classpath}"
      }
    ],
    "game": [
      {
        "value": [
          "--username",
          "${auth_player_name}"
        ]
      },
      {
        "value": [
          "--gameDir",
          "${game_dir}"
        ]
      }
    ]
  },
  "javaVersion": {
    "component": "java-runtime-alpha",
    "majorVersion": 17
  }
}