{
    "formatVersion": 1,
    "name": "Babric",
    "uid": "babric",
    "version": "b1.7.3",
    "minecraftArguments": "--username ${auth_player_name} --session ${auth_session} --gameDir ${game_directory} --assetsDir ${game_assets}",
    "+traits": [
        "noapplet"
    ],
    "libraries": [
        {
            "name": "babric:log4j-config:1.0.0",
            "url": "https://maven.glass-launcher.net/babric/"
        },
        {
            "name": "net.minecrell:terminalconsoleappender:1.2.0",
            "url": "https://repo1.maven.org/maven2/"
        },
        {
            "name": "org.slf4j:slf4j-api:1.8.0-beta4"
        },
        {
            "name": "org.apache.logging.log4j:log4j-slf4j18-impl:2.17.1",
            "url": "https://repo1.maven.org/maven2/"
        },
        {
            "name": "org.apache.logging.log4j:log4j-api:2.17.1",
            "url": "https://repo1.maven.org/maven2/"
        },
        {
            "name": "org.apache.logging.log4j:log4j-core:2.17.1",
            "url": "https://repo1.maven.org/maven2/"
        },
        {
            "name": "com.google.code.gson:gson:2.10.1"
        },
        {
            "name": "com.google.guava:guava:31.0.1-jre"
        },
        {
            "name": "org.apache.commons:commons-lang3:3.12.0"
        },
        {
            "name": "commons-io:commons-io:2.11.0"
        },
        {
            "name": "commons-codec:commons-codec:1.15"
        }
    ]
}
