{
    "formatVersion": 1,
    "libraries": [
        {
            "name": "net.fabricmc:tiny-mappings-parser:0.3.0+build.17",
            "url": "https://maven.fabricmc.net/"
        },
        {
            "name": "net.fabricmc:mapping-io:0.5.0",
            "url": "https://maven.fabricmc.net/"
        },
        {
            "name": "net.fabricmc:sponge-mixin:0.12.5+mixin.0.8.5",
            "url": "https://maven.fabricmc.net/"
        },
        {
            "name": "net.fabricmc:tiny-remapper:0.10.4",
            "url": "https://maven.fabricmc.net/"
        },
        {
            "name": "net.fabricmc:access-widener:2.1.0",
            "url": "https://maven.fabricmc.net/"
        },
        {
            "name": "org.ow2.asm:asm:9.6",
            "url": "https://maven.fabricmc.net/"
        },
        {
            "name": "org.ow2.asm:asm-analysis:9.6",
            "url": "https://maven.fabricmc.net/"
        },
        {
            "name": "org.ow2.asm:asm-commons:9.6",
            "url": "https://maven.fabricmc.net/"
        },
        {
            "name": "org.ow2.asm:asm-tree:9.6",
            "url": "https://maven.fabricmc.net/"
        },
        {
            "name": "org.ow2.asm:asm-util:9.6",
            "url": "https://maven.fabricmc.net/"
        },
        {
            "name": "io.github.llamalad7:mixinextras-fabric:0.3.2",
            "url": "https://maven.fabricmc.net/"
        },
        {
            "MMC-hint": "local",
            "name": "net.fabricmc.fabric-loader:fabric-loader:0.15.6-bta.7"
        }
    ],
    "mainClass": "net.fabricmc.loader.impl.launch.knot.KnotClient",
    "name": "Fabric Loader",
    "type": "release",
    "uid": "net.fabricmc.fabric-loader",
    "version": "0.15.6-bta.7"
}
